[{"model": "admin.logentry", "pk": 5, "fields": {"action_time": "2021-06-25T15:26:20.581Z", "user": 13, "content_type": 8, "object_id": "29", "object_repr": "id661020135", "action_flag": 3, "change_message": ""}}, {"model": "admin.logentry", "pk": 6, "fields": {"action_time": "2021-06-25T16:52:02.310Z", "user": 13, "content_type": 8, "object_id": "30", "object_repr": "id661020135", "action_flag": 3, "change_message": ""}}, {"model": "sessions.session", "pk": "0opqg7kcx9lsmgxtuogi1jai0ncum9v1", "fields": {"session_data": ".eJxVjDsOwjAQBe_iGln2rr-U9JzB8meNA8iR4qRC3B0ipYD2zcx7sRC3tYVt0BKmws5MIjv9jinmB_WdlHvst5nnua_LlPiu8IMOfp0LPS-H-3fQ4mjf2oDxqJ1W1aCmqGTC5GVFpSxVAF-EstaBcdGYBDVnQFsEeEmAzlbB3h_UsjbG:1m5t1s:zCY0_sDFAqysleDEOF61fXHASGsKRMXybc0HRiom8LA", "expire_date": "2021-08-03T16:55:36.223Z"}}, {"model": "sessions.session", "pk": "12oczv40shi7cftiwsagd3chei1lgpor", "fields": {"session_data": ".eJxVjDsOwjAQBe_iGln2rr-U9JzB8meNA8iR4qRC3B0ipYD2zcx7sRC3tYVt0BKmws5MIjv9jinmB_WdlHvst5nnua_LlPiu8IMOfp0LPS-H-3fQ4mjf2oDxqJ1W1aCmqGTC5GVFpSxVAF-EstaBcdGYBDVnQFsEeEmAzlbB3h_UsjbG:1m2Yiq:Svbpa3N_EiKnSwBRo_lETahHfrSzPi7lr7wgYp1uzI8", "expire_date": "2021-07-25T12:38:12.260Z"}}, {"model": "sessions.session", "pk": "8v980p6gighgz8jl7zf7d2uq0xrcmbdj", "fields": {"session_data": ".eJxVjDsOwjAQBe_iGln2rr-U9JzB8meNA8iR4qRC3B0ipYD2zcx7sRC3tYVt0BKmws5MIjv9jinmB_WdlHvst5nnua_LlPiu8IMOfp0LPS-H-3fQ4mjf2oDxqJ1W1aCmqGTC5GVFpSxVAF-EstaBcdGYBDVnQFsEeEmAzlbB3h_UsjbG:1lnQ3D:-iL_kd3Weh2uHFdHmCQCgcNV9Aj3nHHLcZRLqwYvOXY", "expire_date": "2021-06-13T18:20:39.844Z"}}, {"model": "sessions.session", "pk": "hidv8prwo5qt3cfm51v0w8pd1qj2exrg", "fields": {"session_data": ".eJxVjDsOwjAQBe_iGln2rr-U9JzB8meNA8iR4qRC3B0ipYD2zcx7sRC3tYVt0BKmws5MIjv9jinmB_WdlHvst5nnua_LlPiu8IMOfp0LPS-H-3fQ4mjf2oDxqJ1W1aCmqGTC5GVFpSxVAF-EstaBcdGYBDVnQFsEeEmAzlbB3h_UsjbG:1lvTxs:vRXgL71iPGKdoyidD7hIvMM1C9zje1QiLck7Vben8gg", "expire_date": "2021-07-06T00:08:28.835Z"}}, {"model": "sessions.session", "pk": "i73ui55f2zve04e7dh858aa5rrfktrgt", "fields": {"session_data": ".eJxVjDsOwjAQBe_iGln2rr-U9JzB8meNA8iR4qRC3B0ipYD2zcx7sRC3tYVt0BKmws5MIjv9jinmB_WdlHvst5nnua_LlPiu8IMOfp0LPS-H-3fQ4mjf2oDxqJ1W1aCmqGTC5GVFpSxVAF-EstaBcdGYBDVnQFsEeEmAzlbB3h_UsjbG:1lzZOu:oH8XwgW6zxOjHvFNtDUmj13KXYFcnFv-u4jy0MzNLJ4", "expire_date": "2021-07-17T06:45:16.891Z"}}, {"model": "mainapp.productcategory", "pk": 1, "fields": {"name": "Одежда", "description": "Описание для одежды"}}, {"model": "mainapp.productcategory", "pk": 2, "fields": {"name": "Обувь", "description": "Описание для обуви"}}, {"model": "mainapp.productcategory", "pk": 3, "fields": {"name": "Новинки", "description": ""}}, {"model": "mainapp.productcategory", "pk": 4, "fields": {"name": "Аксессуары", "description": ""}}, {"model": "mainapp.productcategory", "pk": 5, "fields": {"name": "Подарки", "description": ""}}, {"model": "mainapp.product", "pk": 1, "fields": {"name": "Худи черного цвета с монограммами adidas Originals", "image": "products_images/Adidas-hoodie.png", "description": "Мягкая ткань для свитшотов. Стиль и комфорт – это образ жизни.", "price": "6090.00", "quantity": 3, "category": 1}}, {"model": "mainapp.product", "pk": 2, "fields": {"name": "Синяя куртка The North Face", "image": "products_images/Blue-jacket-The-North-Face.png", "description": "Гладкая ткань. Водонепроницаемое покрытие. Легкий и теплый пухов", "price": "23725.00", "quantity": 2, "category": 1}}, {"model": "mainapp.product", "pk": 3, "fields": {"name": "Коричневый спортивный oversized-топ ASOS DESIGN", "image": "products_images/Brown-sports-oversized-top-ASOS-DESIGN.png", "description": "Материал с плюшевой текстурой. Удобный и мягкий.", "price": "3390.00", "quantity": 5, "category": 1}}, {"model": "mainapp.product", "pk": 4, "fields": {"name": "Черный рюкзак Nike Heritage", "image": "products_images/Black-Nike-Heritage-backpack.png", "description": "Плотная ткань. Легкий материал.", "price": "2340.00", "quantity": 1, "category": 4}}, {"model": "mainapp.product", "pk": 5, "fields": {"name": "Черные туфли на платформе с 3 парами люверсов Dr Martens 1461 Bex", "image": "products_images/Black-Dr-Martens-shoes.png", "description": "Гладкий кожаный верх. Натуральный материал.", "price": "13590.00", "quantity": 2, "category": 2}}, {"model": "mainapp.product", "pk": 6, "fields": {"name": "Темно-синие широкие строгие брюки ASOS DESIGN", "image": "products_images/Dark-blue-wide-leg-ASOs-DESIGN-trousers.png", "description": "Легкая эластичная ткань сирсакер Фактурная ткань.", "price": "2890.00", "quantity": 6, "category": 3}}, {"model": "authapp.user", "pk": 8, "fields": {"password": "pbkdf2_sha256$260000$CtB6AFJqcVYL3phKWqqNIv$8tjErjEfHbN8tPIPhS+jhWuRk+4zV6tjYvbyW2i72oc=", "last_login": null, "is_superuser": false, "username": "useuser", "first_name": "asdfasdfasdf", "last_name": "456464", "email": "asdf@sdf.cc", "is_staff": false, "is_active": true, "date_joined": "2021-05-17T19:47:00.846Z", "image": "", "activation_key": "", "activation_key_created": "2021-06-21T20:45:06.582Z", "groups": [], "user_permissions": []}}, {"model": "authapp.user", "pk": 10, "fields": {"password": "pbkdf2_sha256$260000$GT4i4nxQAvtV0Ie8QVOhjw$S88rf2smssggkjvLkDsGQZOo8HnD8Cu0Pd/qw9qAHKA=", "last_login": "2021-05-17T20:06:05.483Z", "is_superuser": true, "username": "maetreem", "first_name": "", "last_name": "", "email": "", "is_staff": true, "is_active": true, "date_joined": "2021-05-17T20:05:56.925Z", "image": "", "activation_key": "", "activation_key_created": "2021-06-21T20:45:06.582Z", "groups": [], "user_permissions": []}}, {"model": "authapp.user", "pk": 11, "fields": {"password": "pbkdf2_sha256$260000$4otU5wKsf9wBu6EfGlchrb$bWNPHurkR++aO/sP8H7riaPp/9bAXlMYn95kHfmtpIA=", "last_login": "2021-05-17T22:04:43.465Z", "is_superuser": false, "username": "SergeyP", "first_name": "Sergey", "last_name": "Pedchenko", "email": "serp@gf.us", "is_staff": false, "is_active": false, "date_joined": "2021-05-17T20:43:29.721Z", "image": "users_images/avatar.jpg", "activation_key": "", "activation_key_created": "2021-06-21T20:45:06.582Z", "groups": [], "user_permissions": []}}, {"model": "authapp.user", "pk": 13, "fields": {"password": "pbkdf2_sha256$260000$KZd0lfwx4EQ5mGtcASvpkk$aSI7B/sGusZ2WAeGYZSIL8vd5iLhz8pRAqCkoT0vEmY=", "last_login": "2021-07-20T16:55:35.776Z", "is_superuser": true, "username": "test", "first_name": "", "last_name": "", "email": "", "is_staff": true, "is_active": true, "date_joined": "2021-05-27T15:21:37.366Z", "image": "", "activation_key": "", "activation_key_created": "2021-06-21T20:45:06.582Z", "groups": [], "user_permissions": []}}, {"model": "authapp.user", "pk": 14, "fields": {"password": "pbkdf2_sha256$260000$rQ7K2gKnN3QvnZKtjsQTdl$OMtfMF3IaKRnv4NLOY9Vhu+boBcJGDQX6N4PinOh58w=", "last_login": null, "is_superuser": false, "username": "testClass", "first_name": "testClass", "last_name": "testClass", "email": "asdfas@asdf.co", "is_staff": false, "is_active": true, "date_joined": "2021-05-27T16:33:35.460Z", "image": "", "activation_key": "", "activation_key_created": "2021-06-21T20:45:06.582Z", "groups": [], "user_permissions": []}}, {"model": "authapp.user", "pk": 15, "fields": {"password": "pbkdf2_sha256$260000$hdavwQHXvMPbmqZdFhW4pt$icWWbcjo53RWGbY+39darRytMKWZ19uYggl8ezXR/tI=", "last_login": null, "is_superuser": false, "username": "classtest2", "first_name": "classtest", "last_name": "classtest", "email": "test@fsad.cc", "is_staff": false, "is_active": true, "date_joined": "2021-05-27T16:43:11.596Z", "image": "", "activation_key": "", "activation_key_created": "2021-06-21T20:45:06.582Z", "groups": [], "user_permissions": []}}, {"model": "authapp.user", "pk": 16, "fields": {"password": "pbkdf2_sha256$260000$l5HkTU3BUXrXUVmSVF4elH$FS3xJUXzGqMtw11HjUZx84JHAynBLvysuM2iBxC6D4g=", "last_login": null, "is_superuser": false, "username": "testtesttest", "first_name": "testuser", "last_name": "usertest", "email": "test@mail.uz", "is_staff": false, "is_active": false, "date_joined": "2021-06-21T21:36:20.430Z", "image": "", "activation_key": "c4fc6ca50a312dcf7e952d402c0b8d4faa9d3559", "activation_key_created": "2021-06-21T21:36:21.368Z", "groups": [], "user_permissions": []}}, {"model": "authapp.user", "pk": 17, "fields": {"password": "pbkdf2_sha256$260000$wO3r7dXyxN3x7NVvMsfsb5$OiyGnOD7SpaMH5pOdiOJ9/i/KD7Tf3wT5vc/U9yBA1c=", "last_login": "2021-06-21T22:17:11.826Z", "is_superuser": false, "username": "testunit", "first_name": "unittest", "last_name": "unittest", "email": "email@test.com", "is_staff": false, "is_active": true, "date_joined": "2021-06-21T21:54:20.659Z", "image": "", "activation_key": "", "activation_key_created": null, "groups": [], "user_permissions": []}}, {"model": "authapp.user", "pk": 18, "fields": {"password": "pbkdf2_sha256$260000$GniyOPeajOf0vSZ4a5fmJo$MlHNmM1jbCzxd66Y1P26xdm+fSOz8PnU1L6HHnCHbN8=", "last_login": null, "is_superuser": false, "username": "testunit2", "first_name": "unittestsdf", "last_name": "unittestsdf", "email": "email2@test.com", "is_staff": false, "is_active": false, "date_joined": "2021-06-21T21:56:30.514Z", "image": "", "activation_key": "d1cdd45ac41c4191889bbafac8e014e200a907a9", "activation_key_created": "2021-06-21T21:56:30.653Z", "groups": [], "user_permissions": []}}, {"model": "authapp.user", "pk": 19, "fields": {"password": "pbkdf2_sha256$260000$P4gwuMtR0XVEqyRaguDmU2$7AssUdf5mromRDsGUeMP7JnqVaDMErA1K1GBIElh0uI=", "last_login": null, "is_superuser": false, "username": "sergeyuser", "first_name": "sergeyuser", "last_name": "sergeyuser", "email": "sergeyuser@test.cc", "is_staff": false, "is_active": false, "date_joined": "2021-06-21T22:31:37.091Z", "image": "", "activation_key": "8af0090110e9c3a551a931a45591c3ca236d10ed", "activation_key_created": "2021-06-21T22:31:37.238Z", "groups": [], "user_permissions": []}}, {"model": "authapp.user", "pk": 20, "fields": {"password": "pbkdf2_sha256$260000$HtFEzM3gHbIZSG4cwsreEv$Nk/BZqbXhwImh3/TSZomugnbLWGiiJpFfnU8hsxzz+4=", "last_login": null, "is_superuser": false, "username": "exsergey", "first_name": "exsergey", "last_name": "exsergey", "email": "exsergey@mail.cc", "is_staff": false, "is_active": false, "date_joined": "2021-06-21T22:40:22.131Z", "image": "", "activation_key": "9f2fd6b2daf311d88c460521e902ad3d479461b2", "activation_key_created": "2021-06-21T22:40:22.282Z", "groups": [], "user_permissions": []}}, {"model": "authapp.user", "pk": 21, "fields": {"password": "pbkdf2_sha256$260000$qrb4QYH9p8d6z2mWjfY2TN$+yg81SZxBht6AUyc8qPkXqLaIVWZd4D0MZLNIFXyUTs=", "last_login": null, "is_superuser": false, "username": "exsergeyex", "first_name": "exsergeyex", "last_name": "exsergeyex", "email": "exsergeyex@mail.cc", "is_staff": false, "is_active": false, "date_joined": "2021-06-21T22:42:14.031Z", "image": "", "activation_key": "39ab098f89e92d5db235e999c35eae54903cd855", "activation_key_created": "2021-06-21T22:42:14.179Z", "groups": [], "user_permissions": []}}, {"model": "authapp.user", "pk": 22, "fields": {"password": "pbkdf2_sha256$260000$4VzHjoofo4FF4mPeflg3FN$TjTQYzF8NQtKKYaKioJf0qaOb753ivOGTb17tepNQVA=", "last_login": null, "is_superuser": false, "username": "djangoex", "first_name": "djangoex", "last_name": "djangoex", "email": "mail@django.com", "is_staff": false, "is_active": false, "date_joined": "2021-06-21T22:52:05.511Z", "image": "", "activation_key": "1a2ec8657770d4d870d0fb9b6007704b513aaea0", "activation_key_created": "2021-06-21T22:52:05.658Z", "groups": [], "user_permissions": []}}, {"model": "authapp.user", "pk": 23, "fields": {"password": "pbkdf2_sha256$260000$qzVXicJ7ehyv40PkusZ3aM$/knJzvJttJ6l59+yYESJQorLDb0wGr5kiWC+sSvIYqg=", "last_login": null, "is_superuser": false, "username": "useragent", "first_name": "useragent", "last_name": "useragent", "email": "useragent@asd.cc", "is_staff": false, "is_active": false, "date_joined": "2021-06-21T23:01:21.251Z", "image": "", "activation_key": "83afdc5c272dc6c0c14c0a14dfd0740a3bc84d5f", "activation_key_created": "2021-06-21T23:01:21.419Z", "groups": [], "user_permissions": []}}, {"model": "authapp.user", "pk": 24, "fields": {"password": "pbkdf2_sha256$260000$v2QqOXFtjfmy4RbGD3SByb$PpDpC93ey4tCqSY3uTxk4TVb+7EAQk6/2nz5IpZ1m+s=", "last_login": null, "is_superuser": false, "username": "testone", "first_name": "testone", "last_name": "testone", "email": "testone@mail.rc", "is_staff": false, "is_active": false, "date_joined": "2021-06-21T23:05:08.635Z", "image": "", "activation_key": "89acabd89fa79e38d3a69eb731993ae34f5cec80", "activation_key_created": "2021-06-21T23:05:08.795Z", "groups": [], "user_permissions": []}}, {"model": "authapp.user", "pk": 25, "fields": {"password": "pbkdf2_sha256$260000$SBJnEXMT5jrG4hSNg6qPFF$mS9SxO9VEStDvNgxwWsEsYkbuqbZz5AVpa/AmV8Sl0Y=", "last_login": null, "is_superuser": false, "username": "djangotwo", "first_name": "djangotwo", "last_name": "djangotwo", "email": "djangotwo@mail.cc", "is_staff": false, "is_active": false, "date_joined": "2021-06-21T23:15:55.248Z", "image": "", "activation_key": "", "activation_key_created": "2021-06-21T23:15:55.411Z", "groups": [], "user_permissions": []}}, {"model": "authapp.user", "pk": 26, "fields": {"password": "pbkdf2_sha256$260000$IjqgDwFlPZ9kfqFHgR0nPH$sUGU4H5HRMDMrQf70PtX4obn9WKYJYgro1UpPOPOnrA=", "last_login": null, "is_superuser": false, "username": "djangosix", "first_name": "djangosix", "last_name": "djangosix", "email": "djangosix@mail.fd", "is_staff": false, "is_active": false, "date_joined": "2021-06-21T23:41:24.515Z", "image": "", "activation_key": "ccb6adfad4bfb0c9ece0aa58597ba94152498439", "activation_key_created": "2021-06-21T23:41:24.674Z", "groups": [], "user_permissions": []}}, {"model": "authapp.user", "pk": 27, "fields": {"password": "pbkdf2_sha256$260000$aWerGY5AjGfqS6msqWuljc$WsAWHBelTm3BqHxAtOVwccxI6OomMaAoL888JcvT+HQ=", "last_login": null, "is_superuser": false, "username": "djangoel", "first_name": "djangoel", "last_name": "djangoel", "email": "djangoel@jfk.cc", "is_staff": false, "is_active": false, "date_joined": "2021-06-21T23:44:05.638Z", "image": "", "activation_key": "74a9061ae727c60ae8ebe481ed08f0ea0ea8a60c", "activation_key_created": "2021-06-21T23:44:05.786Z", "groups": [], "user_permissions": []}}, {"model": "authapp.user", "pk": 28, "fields": {"password": "pbkdf2_sha256$260000$FgBfelTJEvQck6sPVSDZcj$fBoHQn6W8W4dGn1nEmPS8Ph8Sb1zir5KdPYZ/A1z5ow=", "last_login": "2021-06-21T23:45:35.568Z", "is_superuser": false, "username": "djangotw", "first_name": "djangotw", "last_name": "djangotw", "email": "djangotw@hfj.cu", "is_staff": false, "is_active": true, "date_joined": "2021-06-21T23:45:12.385Z", "image": "", "activation_key": "", "activation_key_created": null, "groups": [], "user_permissions": []}}, {"model": "authapp.user", "pk": 32, "fields": {"password": "!G2CFd4hQuuecrh3JFhluPCcagqLA1deqFLZTeHXQ", "last_login": "2021-06-28T17:48:31.219Z", "is_superuser": false, "username": "id661020135", "first_name": "Testuser", "last_name": "Django", "email": "testuser.django@mail.ru", "is_staff": false, "is_active": true, "date_joined": "2021-06-25T17:14:08.378Z", "image": "users_images/QO2SxcUdwAjhw7CRBlbwYYBG0j7ygbjuTwcmhsH_vq5DZaecqIkQjtJBToFWEzDOQYEBa3ae23S5euacD9HwlMbT.jpg", "activation_key": "", "activation_key_created": "2021-06-25T17:14:08.379Z", "groups": [], "user_permissions": []}}, {"model": "authapp.user", "pk": 33, "fields": {"password": "!Mii41i2Ndxa3acv1lYHfZiSQ4iL5cK5FmQNitZbp", "last_login": "2021-06-27T15:20:28.794Z", "is_superuser": false, "username": "id2102900", "first_name": "Сергей", "last_name": "Педченко", "email": "breed1987@mail.ru", "is_staff": false, "is_active": true, "date_joined": "2021-06-27T15:20:28.415Z", "image": "", "activation_key": "", "activation_key_created": "2021-06-27T15:20:28.415Z", "groups": [], "user_permissions": []}}, {"model": "authapp.userprofile", "pk": 1, "fields": {"user": 8, "tagline": "", "about_me": "", "gender": "", "age": null}}, {"model": "authapp.userprofile", "pk": 2, "fields": {"user": 10, "tagline": "", "about_me": "", "gender": "", "age": null}}, {"model": "authapp.userprofile", "pk": 3, "fields": {"user": 11, "tagline": "", "about_me": "", "gender": "", "age": null}}, {"model": "authapp.userprofile", "pk": 4, "fields": {"user": 13, "tagline": "", "about_me": "", "gender": "", "age": null}}, {"model": "authapp.userprofile", "pk": 5, "fields": {"user": 14, "tagline": "", "about_me": "", "gender": "", "age": null}}, {"model": "authapp.userprofile", "pk": 6, "fields": {"user": 15, "tagline": "", "about_me": "", "gender": "", "age": null}}, {"model": "authapp.userprofile", "pk": 7, "fields": {"user": 16, "tagline": "", "about_me": "", "gender": "", "age": null}}, {"model": "authapp.userprofile", "pk": 8, "fields": {"user": 17, "tagline": "", "about_me": "", "gender": "", "age": null}}, {"model": "authapp.userprofile", "pk": 9, "fields": {"user": 18, "tagline": "", "about_me": "", "gender": "", "age": null}}, {"model": "authapp.userprofile", "pk": 10, "fields": {"user": 19, "tagline": "", "about_me": "", "gender": "", "age": null}}, {"model": "authapp.userprofile", "pk": 11, "fields": {"user": 20, "tagline": "", "about_me": "", "gender": "", "age": null}}, {"model": "authapp.userprofile", "pk": 12, "fields": {"user": 21, "tagline": "", "about_me": "", "gender": "", "age": null}}, {"model": "authapp.userprofile", "pk": 13, "fields": {"user": 22, "tagline": "", "about_me": "", "gender": "", "age": null}}, {"model": "authapp.userprofile", "pk": 14, "fields": {"user": 23, "tagline": "", "about_me": "", "gender": "", "age": null}}, {"model": "authapp.userprofile", "pk": 15, "fields": {"user": 24, "tagline": "", "about_me": "", "gender": "", "age": null}}, {"model": "authapp.userprofile", "pk": 16, "fields": {"user": 25, "tagline": "", "about_me": "", "gender": "", "age": null}}, {"model": "authapp.userprofile", "pk": 17, "fields": {"user": 26, "tagline": "", "about_me": "", "gender": "", "age": null}}, {"model": "authapp.userprofile", "pk": 18, "fields": {"user": 27, "tagline": "", "about_me": "", "gender": "", "age": null}}, {"model": "authapp.userprofile", "pk": 19, "fields": {"user": 28, "tagline": "", "about_me": "", "gender": "", "age": null}}, {"model": "authapp.userprofile", "pk": 22, "fields": {"user": 32, "tagline": "123", "about_me": "Это описание про меня", "gender": "М", "age": 34}}, {"model": "authapp.userprofile", "pk": 23, "fields": {"user": 33, "tagline": "", "about_me": "", "gender": "М", "age": 34}}, {"model": "basketapp.basket", "pk": 30, "fields": {"user": 32, "product": 1, "quantity": 2, "created_timestamp": "2021-06-27T20:38:54.584Z"}}, {"model": "basketapp.basket", "pk": 31, "fields": {"user": 32, "product": 2, "quantity": 2, "created_timestamp": "2021-06-27T20:39:46.080Z"}}, {"model": "basketapp.basket", "pk": 32, "fields": {"user": 32, "product": 3, "quantity": 2, "created_timestamp": "2021-06-27T20:39:49.832Z"}}, {"model": "social_django.usersocialauth", "pk": 4, "fields": {"user": 32, "provider": "vk-oauth2", "uid": "661020135", "extra_data": "{\"auth_time\": 1624902511, \"id\": 661020135, \"expires\": 86400, \"access_token\": \"4c2888aad3579abd7e2c5716d46b110c9a786971002eb881e7f2c211ecf8eeadf863690eb9acc0d6c5e36\", \"token_type\": null}", "created": "2021-06-25T17:14:08.676Z", "modified": "2021-06-28T17:48:31.148Z"}}, {"model": "social_django.usersocialauth", "pk": 5, "fields": {"user": 33, "provider": "vk-oauth2", "uid": "2102900", "extra_data": "{\"auth_time\": 1624807228, \"id\": 2102900, \"expires\": 86400, \"access_token\": \"3566c3cf2b691876bced43858d5540f0f107e149fec272363ff85f1976f2ade890129050d65cfbcb8ee79\", \"token_type\": null}", "created": "2021-06-27T15:20:28.594Z", "modified": "2021-06-27T15:20:28.650Z"}}, {"model": "ordersapp.order", "pk": 1, "fields": {"user": 32, "created": "2021-06-28T15:23:58.823Z", "updated": "2021-06-28T17:21:28.735Z", "is_active": false, "status": "FM"}}, {"model": "ordersapp.order", "pk": 2, "fields": {"user": 32, "created": "2021-06-28T15:25:53.640Z", "updated": "2021-06-28T17:26:13.260Z", "is_active": false, "status": "FM"}}, {"model": "ordersapp.order", "pk": 3, "fields": {"user": 32, "created": "2021-06-28T15:33:10.604Z", "updated": "2021-06-28T17:38:57.318Z", "is_active": true, "status": "STP"}}, {"model": "ordersapp.order", "pk": 4, "fields": {"user": 32, "created": "2021-06-28T17:21:36.753Z", "updated": "2021-06-28T17:21:36.777Z", "is_active": true, "status": "FM"}}, {"model": "ordersapp.order", "pk": 5, "fields": {"user": 13, "created": "2021-07-03T06:46:13.801Z", "updated": "2021-07-08T18:53:16.610Z", "is_active": false, "status": "FM"}}, {"model": "ordersapp.order", "pk": 6, "fields": {"user": 13, "created": "2021-07-08T18:53:01.602Z", "updated": "2021-07-08T18:53:18.693Z", "is_active": false, "status": "FM"}}, {"model": "ordersapp.order", "pk": 7, "fields": {"user": 13, "created": "2021-07-08T18:53:53.483Z", "updated": "2021-07-08T18:54:00.195Z", "is_active": false, "status": "FM"}}, {"model": "ordersapp.order", "pk": 8, "fields": {"user": 13, "created": "2021-07-08T18:55:11.816Z", "updated": "2021-07-08T18:55:14.228Z", "is_active": false, "status": "FM"}}, {"model": "ordersapp.order", "pk": 9, "fields": {"user": 13, "created": "2021-07-08T18:55:35.702Z", "updated": "2021-07-08T18:55:41.776Z", "is_active": false, "status": "FM"}}, {"model": "ordersapp.order", "pk": 10, "fields": {"user": 13, "created": "2021-07-08T19:02:55.766Z", "updated": "2021-07-11T12:13:10.735Z", "is_active": true, "status": "STP"}}, {"model": "ordersapp.order", "pk": 11, "fields": {"user": 13, "created": "2021-07-11T12:37:29.950Z", "updated": "2021-07-11T12:52:42.943Z", "is_active": true, "status": "PD"}}, {"model": "ordersapp.order", "pk": 12, "fields": {"user": 13, "created": "2021-07-11T12:41:32.910Z", "updated": "2021-07-11T12:41:33.080Z", "is_active": true, "status": "FM"}}, {"model": "ordersapp.order", "pk": 13, "fields": {"user": 13, "created": "2021-07-15T18:40:40.865Z", "updated": "2021-07-15T18:40:41.804Z", "is_active": true, "status": "FM"}}, {"model": "ordersapp.order", "pk": 14, "fields": {"user": 13, "created": "2021-07-20T16:55:59.926Z", "updated": "2021-07-20T16:56:00.681Z", "is_active": false, "status": "FM"}}, {"model": "ordersapp.order", "pk": 15, "fields": {"user": 13, "created": "2021-07-20T16:56:20.820Z", "updated": "2021-07-20T16:56:21.132Z", "is_active": false, "status": "FM"}}, {"model": "ordersapp.order", "pk": 16, "fields": {"user": 13, "created": "2021-07-20T17:08:13.666Z", "updated": "2021-07-20T17:08:13.885Z", "is_active": true, "status": "FM"}}, {"model": "ordersapp.order", "pk": 17, "fields": {"user": 13, "created": "2021-07-20T17:10:42.460Z", "updated": "2021-07-20T17:10:43.150Z", "is_active": true, "status": "FM"}}, {"model": "ordersapp.order", "pk": 18, "fields": {"user": 13, "created": "2021-07-20T17:11:49.871Z", "updated": "2021-07-20T17:11:50.263Z", "is_active": true, "status": "FM"}}, {"model": "ordersapp.order", "pk": 19, "fields": {"user": 13, "created": "2021-07-20T17:12:32.585Z", "updated": "2021-07-20T17:12:38.436Z", "is_active": true, "status": "FM"}}, {"model": "ordersapp.order", "pk": 20, "fields": {"user": 13, "created": "2021-07-22T19:22:36.792Z", "updated": "2021-07-22T19:22:40.736Z", "is_active": true, "status": "STP"}}, {"model": "ordersapp.orderitem", "pk": 1, "fields": {"order": 1, "product": 1, "quantity": 1}}, {"model": "ordersapp.orderitem", "pk": 2, "fields": {"order": 2, "product": 1, "quantity": 1}}, {"model": "ordersapp.orderitem", "pk": 3, "fields": {"order": 3, "product": 1, "quantity": 2}}, {"model": "ordersapp.orderitem", "pk": 4, "fields": {"order": 3, "product": 2, "quantity": 2}}, {"model": "ordersapp.orderitem", "pk": 5, "fields": {"order": 3, "product": 3, "quantity": 2}}, {"model": "ordersapp.orderitem", "pk": 6, "fields": {"order": 4, "product": 1, "quantity": 2}}, {"model": "ordersapp.orderitem", "pk": 7, "fields": {"order": 4, "product": 2, "quantity": 2}}, {"model": "ordersapp.orderitem", "pk": 8, "fields": {"order": 4, "product": 3, "quantity": 2}}, {"model": "ordersapp.orderitem", "pk": 9, "fields": {"order": 5, "product": 1, "quantity": 1}}, {"model": "ordersapp.orderitem", "pk": 10, "fields": {"order": 5, "product": 2, "quantity": 1}}, {"model": "ordersapp.orderitem", "pk": 11, "fields": {"order": 5, "product": 3, "quantity": 1}}, {"model": "ordersapp.orderitem", "pk": 12, "fields": {"order": 6, "product": 2, "quantity": 2}}, {"model": "ordersapp.orderitem", "pk": 13, "fields": {"order": 6, "product": 3, "quantity": 3}}, {"model": "ordersapp.orderitem", "pk": 14, "fields": {"order": 6, "product": 5, "quantity": 1}}, {"model": "ordersapp.orderitem", "pk": 15, "fields": {"order": 7, "product": 1, "quantity": 3}}, {"model": "ordersapp.orderitem", "pk": 16, "fields": {"order": 8, "product": 2, "quantity": 1}}, {"model": "ordersapp.orderitem", "pk": 17, "fields": {"order": 9, "product": 1, "quantity": 1}}, {"model": "ordersapp.orderitem", "pk": 18, "fields": {"order": 10, "product": 1, "quantity": 2}}, {"model": "ordersapp.orderitem", "pk": 19, "fields": {"order": 10, "product": 2, "quantity": 1}}, {"model": "ordersapp.orderitem", "pk": 20, "fields": {"order": 10, "product": 3, "quantity": 1}}, {"model": "ordersapp.orderitem", "pk": 21, "fields": {"order": 10, "product": 6, "quantity": 2}}, {"model": "ordersapp.orderitem", "pk": 22, "fields": {"order": 10, "product": 3, "quantity": 1}}, {"model": "ordersapp.orderitem", "pk": 23, "fields": {"order": 10, "product": 3, "quantity": 3}}, {"model": "ordersapp.orderitem", "pk": 24, "fields": {"order": 11, "product": 6, "quantity": 1}}, {"model": "ordersapp.orderitem", "pk": 25, "fields": {"order": 12, "product": 2, "quantity": 1}}, {"model": "ordersapp.orderitem", "pk": 26, "fields": {"order": 13, "product": 1, "quantity": 1}}, {"model": "ordersapp.orderitem", "pk": 27, "fields": {"order": 13, "product": 2, "quantity": 1}}, {"model": "ordersapp.orderitem", "pk": 28, "fields": {"order": 13, "product": 3, "quantity": 1}}, {"model": "ordersapp.orderitem", "pk": 29, "fields": {"order": 13, "product": 4, "quantity": 1}}, {"model": "ordersapp.orderitem", "pk": 30, "fields": {"order": 13, "product": 5, "quantity": 1}}, {"model": "ordersapp.orderitem", "pk": 31, "fields": {"order": 13, "product": 6, "quantity": 1}}, {"model": "ordersapp.orderitem", "pk": 32, "fields": {"order": 16, "product": 1, "quantity": 1}}, {"model": "ordersapp.orderitem", "pk": 33, "fields": {"order": 17, "product": 1, "quantity": 1}}, {"model": "ordersapp.orderitem", "pk": 34, "fields": {"order": 17, "product": 2, "quantity": 2}}, {"model": "ordersapp.orderitem", "pk": 35, "fields": {"order": 17, "product": 3, "quantity": 3}}, {"model": "ordersapp.orderitem", "pk": 36, "fields": {"order": 18, "product": 3, "quantity": 1}}, {"model": "ordersapp.orderitem", "pk": 37, "fields": {"order": 19, "product": 2, "quantity": 1}}, {"model": "ordersapp.orderitem", "pk": 38, "fields": {"order": 20, "product": 4, "quantity": 3}}]